705 Chem. de la Parade. 30200 Orsan. France;2022-01-03T16:49:40.508Z;2022;1;3;06:37:55
705 Chem. de la Parade. 30200 Orsan. France;2022-01-04T16:36:57.686Z;2022;1;4;08:43:28
705 Chem. de la Parade. 30200 Orsan. France;2022-01-05T16:35:01.490Z;2022;1;5;08:18:47
705 Chem. de la Parade. 30200 Orsan. France;2022-01-06T16:44:04.477Z;2022;1;6;08:48:47
705 Chem. de la Parade. 30200 Orsan. France;2022-01-10T16:38:33.347Z;2022;1;10;08:40:47
705 Chem. de la Parade. 30200 Orsan. France;2022-01-12T16:51:04.736Z;2022;1;12;07:47:06
705 Chem. de la Parade. 30200 Orsan. France;2022-01-13T16:24:14.750Z;2022;1;13;09:03:21
705 Chem. de la Parade. 30200 Orsan. France;2022-01-14T15:56:49.036Z;2022;1;14;07:28:52
705 Chem. de la Parade. 30200 Orsan. France;2022-01-17T16:46:26.585Z;2022;1;17;08:50:49
705 Chem. de la Parade. 30200 Orsan. France;2022-01-18T16:54:27.320Z;2022;1;18;08:18:13
705 Chem. de la Parade. 30200 Orsan. France;2022-01-19T17:11:18.446Z;2022;1;19;09:40:45
705 Chem. de la Parade. 30200 Orsan. France;2022-01-20T16:10:45.717Z;2022;1;20;08:05:07
705 Chem. de la Parade. 30200 Orsan. France;2022-01-27T14:18:11.490Z;2022;1;27;07:23:46
705 Chem. de la Parade. 30200 Orsan. France;2022-02-21T12:27:46.867Z;2022;2;21;00:19:49
705 Chem. de la Parade. 30200 Orsan. France;2022-03-04T17:15:52.209Z;2022;3;4;04:02:52
705 Chem. de la Parade. 30200 Orsan. France;2022-03-14T16:39:41.194Z;2022;3;14;03:40:56
705 Chem. de la Parade. 30200 Orsan. France;2022-03-21T18:20:19.999Z;2022;3;21;07:18:10
705 Chem. de la Parade. 30200 Orsan. France;2022-03-22T15:06:49.328Z;2022;3;22;05:27:13
705 Chem. de la Parade. 30200 Orsan. France;2022-03-30T16:47:59Z;2022;3;30;09:25:36
705 Chem. de la Parade. 30200 Orsan. France;2022-04-04T15:09:45.455Z;2022;4;4;07:25:25
705 Chem. de la Parade. 30200 Orsan. France;2022-04-05T16:07:22.458Z;2022;4;5;07:53:30
705 Chem. de la Parade. 30200 Orsan. France;2022-04-06T16:07:29.035Z;2022;4;6;09:07:17
705 Chem. de la Parade. 30200 Orsan. France;2022-04-11T16:08:32.622Z;2022;4;11;09:10:57
705 Chem. de la Parade. 30200 Orsan. France;2022-04-12T16:52:55.732Z;2022;4;12;09:38:51
705 Chem. de la Parade. 30200 Orsan. France;2022-04-15T15:18:57.372Z;2022;4;15;07:46:12
705 Chem. de la Parade. 30200 Orsan. France;2022-04-19T15:55:54.326Z;2022;4;19;08:07:54
705 Chem. de la Parade. 30200 Orsan. France;2022-04-20T14:57:04.705Z;2022;4;20;08:37:29
705 Chem. de la Parade. 30200 Orsan. France;2022-04-21T15:12:04.113Z;2022;4;21;08:31:02
705 Chem. de la Parade. 30200 Orsan. France;2022-04-22T14:49:09.999Z;2022;4;22;07:20:40
705 Chem. de la Parade. 30200 Orsan. France;2022-04-25T15:52:47.760Z;2022;4;25;08:32:10
705 Chem. de la Parade. 30200 Orsan. France;2022-04-26T16:18:03.816Z;2022;4;26;09:59:37
705 Chem. de la Parade. 30200 Orsan. France;2022-04-28T15:58:54.959Z;2022;4;28;08:52:07
705 Chem. de la Parade. 30200 Orsan. France;2022-04-29T15:28:23.583Z;2022;4;29;08:16:41
705 Chem. de la Parade. 30200 Orsan. France;2022-05-02T16:11:31Z;2022;5;2;09:15:27
705 Chem. de la Parade. 30200 Orsan. France;2022-05-03T16:03:18.132Z;2022;5;3;09:20:13
705 Chem. de la Parade. 30200 Orsan. France;2022-05-04T15:11:32.078Z;2022;5;4;09:19:16
705 Chem. de la Parade. 30200 Orsan. France;2022-05-05T16:50:36.185Z;2022;5;5;09:35:49
705 Chem. de la Parade. 30200 Orsan. France;2022-05-06T15:26:02.528Z;2022;5;6;08:56:11
705 Chem. de la Parade. 30200 Orsan. France;2022-05-09T16:48:08.889Z;2022;5;9;08:33:45
Route de la Parade. 30200 Orsan. France;2022-05-11T15:27:10.113Z;2022;5;11;08:28:02
Route de la Parade. 30200 Orsan. France;2022-05-12T15:32:53.328Z;2022;5;12;08:18:12
Route de la Parade. 30200 Orsan. France;2022-05-13T15:06:11.427Z;2022;5;13;07:55:35
Route de la Parade. 30200 Orsan. France;2022-05-16T15:25:35.507Z;2022;5;16;07:42:02
Route de la Parade. 30200 Orsan. France;2022-05-17T16:29:26.934Z;2022;5;17;09:16:30
Route de la Parade. 30200 Orsan. France;2022-05-18T16:05:08.968Z;2022;5;18;09:10:39
Route de la Parade. 30200 Orsan. France;2022-05-20T16:57:15.523Z;2022;5;20;08:23:55
Route de la Parade. 30200 Orsan. France;2022-05-23T15:20:32Z;2022;5;23;08:01:51
Route de la Parade. 30200 Orsan. France;2022-05-24T16:18:13.746Z;2022;5;24;09:08:41
Route de la Parade. 30200 Orsan. France;2022-05-30T15:21:35.063Z;2022;5;30;08:24:28
Route de la Parade. 30200 Orsan. France;2022-06-01T15:55:04.591Z;2022;6;1;09:05:14
Route de la Parade. 30200 Orsan. France;2022-06-03T15:56:53.797Z;2022;6;3;08:54:28
Route de la Parade. 30200 Orsan. France;2022-06-06T15:57:34Z;2022;6;6;09:27:52
Route de la Parade. 30200 Orsan. France;2022-06-07T16:02:54.476Z;2022;6;7;08:49:59
Route de la Parade. 30200 Orsan. France;2022-06-09T15:27:32.717Z;2022;6;9;08:16:36
705 Chem. de la Parade. 30200 Orsan. France;2022-06-10T15:10:52.440Z;2022;6;10;07:45:57
Route de la Parade. 30200 Orsan. France;2022-06-13T15:34:24.999Z;2022;6;13;06:40:53
Route de la Parade. 30200 Orsan. France;2022-06-14T15:50:28.643Z;2022;6;14;08:12:54
Route de la Parade. 30200 Orsan. France;2022-06-15T16:23:05.427Z;2022;6;15;09:03:57
Route de la Parade. 30200 Orsan. France;2022-06-16T15:30:35.105Z;2022;6;16;08:28:43
Route de la Parade. 30200 Orsan. France;2022-06-17T14:41:38.833Z;2022;6;17;07:34:11
Route de la Parade. 30200 Orsan. France;2022-06-20T10:03:57.183Z;2022;6;20;03:32:14
Route de la Parade. 30200 Orsan. France;2022-06-24T14:40:01.515Z;2022;6;24;04:27:04
705 Chem. de la Parade. 30200 Orsan. France;2022-06-27T15:32:02.313Z;2022;6;27;08:45:13
Route de la Parade. 30200 Orsan. France;2022-06-28T17:43:08.108Z;2022;6;28;10:33:36
705 Chem. de la Parade. 30200 Orsan. France;2022-06-29T16:17:55.006Z;2022;6;29;08:09:30
Route de la Parade. 30200 Orsan. France;2022-06-30T16:39:10.108Z;2022;6;30;09:29:27
Route de la Parade. 30200 Orsan. France;2022-07-01T15:22:45.505Z;2022;7;1;07:46:09
Route de la Parade. 30200 Orsan. France;2022-07-05T15:38:22.469Z;2022;7;5;08:15:24
Route de la Parade. 30200 Orsan. France;2022-07-06T17:03:12.072Z;2022;7;6;08:57:11
Route de la Parade. 30200 Orsan. France;2022-07-07T16:07:51.146Z;2022;7;7;04:50:49
Route de la Parade. 30200 Orsan. France;2022-07-11T17:15:52.569Z;2022;7;11;09:53:58
Route de la Parade. 30200 Orsan. France;2022-07-12T16:06:01.146Z;2022;7;12;09:08:46
Route de la Parade. 30200 Orsan. France;2022-07-13T16:51:14.162Z;2022;7;13;09:56:00
Route de la Parade. 30200 Orsan. France;2022-07-18T16:57:18.897Z;2022;7;18;10:07:21
Route de la Parade. 30200 Orsan. France;2022-07-19T16:35:52.461Z;2022;7;19;08:15:06
Route de la Parade. 30200 Orsan. France;2022-07-20T16:13:00.799Z;2022;7;20;08:46:39
Route de la Parade. 30200 Orsan. France;2022-07-21T16:04:03.044Z;2022;7;21;09:10:43
705 Chem. de la Parade. 30200 Orsan. France;2022-07-22T15:10:19.999Z;2022;7;22;06:26:40
705 Chem. de la Parade. 30200 Orsan. France;2022-08-16T15:55:09.576Z;2022;8;16;09:15:59
Route de la Parade. 30200 Orsan. France;2022-08-17T16:23:13.322Z;2022;8;17;10:27:43
Route de la Parade. 30200 Orsan. France;2022-08-18T15:39:09Z;2022;8;18;08:53:15
Route de la Parade. 30200 Orsan. France;2022-08-19T15:16:18.785Z;2022;8;19;08:31:47
Route de la Parade. 30200 Orsan. France;2022-08-22T16:42:37.285Z;2022;8;22;10:07:56
Route de la Parade. 30200 Orsan. France;2022-08-24T15:02:03.415Z;2022;8;24;07:53:32
Route de la Parade. 30200 Orsan. France;2022-08-25T16:54:45.999Z;2022;8;25;10:18:14
Route de la Parade. 30200 Orsan. France;2022-08-26T14:58:58.887Z;2022;8;26;04:47:09
Route de la Parade. 30200 Orsan. France;2022-08-29T15:52:46.379Z;2022;8;29;09:16:44
Route de la Parade. 30200 Orsan. France;2022-08-30T15:47:11.287Z;2022;8;30;09:03:48
705 Chem. de la Parade. 30200 Orsan. France;2022-09-02T12:47:09.580Z;2022;9;2;05:38:12
Route de la Parade. 30200 Orsan. France;2022-09-05T15:31:00.999Z;2022;9;5;08:46:37
Route de la Parade. 30200 Orsan. France;2022-09-06T16:31:13.963Z;2022;9;6;09:44:06
705 Chem. de la Parade. 30200 Orsan. France;2022-09-07T16:11:21.510Z;2022;9;7;09:20:07
705 Chem. de la Parade. 30200 Orsan. France;2022-09-08T16:51:09.659Z;2022;9;8;10:06:24
Route de la Parade. 30200 Orsan. France;2022-09-09T15:17:29.651Z;2022;9;9;08:17:34
Route de la Parade. 30200 Orsan. France;2022-09-12T14:33:25.950Z;2022;9;12;07:43:39
705 Chem. de la Parade. 30200 Orsan. France;2022-09-14T15:51:52.002Z;2022;9;14;08:58:44
Route de la Parade. 30200 Orsan. France;2022-09-15T15:34:53.999Z;2022;9;15;08:30:25
Route de la Parade. 30200 Orsan. France;2022-09-16T14:35:22.486Z;2022;9;16;06:59:40
705 Chem. de la Parade. 30200 Orsan. France;2022-09-19T15:37:33.213Z;2022;9;19;08:42:53
705 Chem. de la Parade. 30200 Orsan. France;2022-09-21T15:43:38.080Z;2022;9;21;09:04:47
705 Chem. de la Parade. 30200 Orsan. France;2022-09-22T15:37:30.807Z;2022;9;22;08:35:37
705 Chem. de la Parade. 30200 Orsan. France;2022-09-23T15:15:35.165Z;2022;9;23;06:12:21
Route de la Parade. 30200 Orsan. France;2022-09-26T15:53:55.033Z;2022;9;26;08:57:00
Route de la Parade. 30200 Orsan. France;2022-09-27T16:35:57.066Z;2022;9;27;09:45:49
705 Chem. de la Parade. 30200 Orsan. France;2022-09-28T16:07:46.778Z;2022;9;28;09:32:11
Route de la Parade. 30200 Orsan. France;2022-09-29T15:26:27.169Z;2022;9;29;08:21:51
705 Chem. de la Parade. 30200 Orsan. France;2022-09-30T13:46:38.771Z;2022;9;30;07:24:14
705 Chem. de la Parade. 30200 Orsan. France;2022-10-03T15:32:33.437Z;2022;10;3;09:01:06
Route de la Parade. 30200 Orsan. France;2022-10-04T15:56:35.835Z;2022;10;4;08:57:57
705 Chem. de la Parade. 30200 Orsan. France;2022-10-05T16:08:46.324Z;2022;10;5;09:32:45
Route de la Parade. 30200 Orsan. France;2022-10-06T15:44:04.926Z;2022;10;6;08:51:57
705 Chem. de la Parade. 30200 Orsan. France;2022-10-07T15:51:37.176Z;2022;10;7;09:02:04
705 Chem. de la Parade. 30200 Orsan. France;2022-10-10T15:34:12.759Z;2022;10;10;08:54:09
705 Chem. de la Parade. 30200 Orsan. France;2022-10-12T15:26:58Z;2022;10;12;08:28:41
705 Chem. de la Parade. 30200 Orsan. France;2022-10-13T15:31:40.601Z;2022;10;13;08:43:34
Route de la Parade. 30200 Orsan. France;2022-10-14T14:58:49.588Z;2022;10;14;08:39:24
705 Chem. de la Parade. 30200 Orsan. France;2022-10-17T15:53:23Z;2022;10;17;08:52:08
705 Chem. de la Parade. 30200 Orsan. France;2022-10-19T16:17:13.319Z;2022;10;19;09:43:11
705 Chem. de la Parade. 30200 Orsan. France;2022-10-20T15:31:29.999Z;2022;10;20;08:30:54
705 Chem. de la Parade. 30200 Orsan. France;2022-10-21T14:17:39.583Z;2022;10;21;07:30:26
705 Chem. de la Parade. 30200 Orsan. France;2022-10-24T15:47:41.414Z;2022;10;24;09:19:25
705 Chem. de la Parade. 30200 Orsan. France;2022-10-25T15:52:10.103Z;2022;10;25;09:01:41
705 Chem. de la Parade. 30200 Orsan. France;2022-10-26T16:10:06.277Z;2022;10;26;09:33:08
Route de la Parade. 30200 Orsan. France;2022-10-28T14:54:35.814Z;2022;10;28;08:21:57
705 Chem. de la Parade. 30200 Orsan. France;2022-11-02T16:39:53.918Z;2022;11;2;09:04:59
705 Chem. de la Parade. 30200 Orsan. France;2022-11-03T16:50:26.508Z;2022;11;3;09:18:50
705 Chem. de la Parade. 30200 Orsan. France;2022-11-04T15:23:27.429Z;2022;11;4;07:43:26
705 Chem. de la Parade. 30200 Orsan. France;2022-11-07T16:56:26.792Z;2022;11;7;09:10:38
705 Chem. de la Parade. 30200 Orsan. France;2022-11-09T16:35:12.306Z;2022;11;9;08:46:40
705 Chem. de la Parade. 30200 Orsan. France;2022-11-10T16:44:54.315Z;2022;11;10;08:50:08
705 Chem. de la Parade. 30200 Orsan. France;2022-11-14T16:33:45.604Z;2022;11;14;08:59:26
705 Chem. de la Parade. 30200 Orsan. France;2022-11-15T16:32:43.233Z;2022;11;15;08:49:06
705 Chem. de la Parade. 30200 Orsan. France;2022-11-16T16:50:15.269Z;2022;11;16;09:12:20
705 Chem. de la Parade. 30200 Orsan. France;2022-11-17T14:33:15.948Z;2022;11;17;06:50:08
705 Chem. de la Parade. 30200 Orsan. France;2022-11-18T16:50:26.894Z;2022;11;18;08:04:28
705 Chem. de la Parade. 30200 Orsan. France;2022-11-21T16:30:29.121Z;2022;11;21;09:14:25
705 Chem. de la Parade. 30200 Orsan. France;2022-11-22T17:00:36.496Z;2022;11;22;07:03:53
705 Chem. de la Parade. 30200 Orsan. France;2022-11-23T16:02:32.934Z;2022;11;23;08:43:14
705 Chem. de la Parade. 30200 Orsan. France;2022-11-24T16:35:48.184Z;2022;11;24;08:45:04
705 Chem. de la Parade. 30200 Orsan. France;2022-11-25T15:11:00.910Z;2022;11;25;07:27:34
705 Chem. de la Parade. 30200 Orsan. France;2022-11-28T16:32:32.312Z;2022;11;28;08:55:41
705 Chem. de la Parade. 30200 Orsan. France;2022-11-29T17:41:02.238Z;2022;11;29;08:40:54
705 Chem. de la Parade. 30200 Orsan. France;2022-11-30T16:45:24.999Z;2022;11;30;09:17:39
705 Chem. de la Parade. 30200 Orsan. France;2022-12-01T16:36:31.235Z;2022;12;1;09:06:11
705 Chem. de la Parade. 30200 Orsan. France;2022-12-02T15:46:24.992Z;2022;12;2;08:06:35
705 Chem. de la Parade. 30200 Orsan. France;2022-12-05T17:06:53.462Z;2022;12;5;08:48:44
705 Chem. de la Parade. 30200 Orsan. France;2022-12-07T16:16:48.196Z;2022;12;7;08:43:50
705 Chem. de la Parade. 30200 Orsan. France;2022-12-08T16:29:16.517Z;2022;12;8;08:27:55
705 Chem. de la Parade. 30200 Orsan. France;2022-12-09T16:10:39.001Z;2022;12;9;08:47:02
705 Chem. de la Parade. 30200 Orsan. France;2022-12-13T16:58:26.155Z;2022;12;13;09:06:38
705 Chem. de la Parade. 30200 Orsan. France;2022-12-14T16:37:00.035Z;2022;12;14;08:37:55
705 Chem. de la Parade. 30200 Orsan. France;2022-12-15T17:38:59.432Z;2022;12;15;09:59:22
705 Chem. de la Parade. 30200 Orsan. France;2022-12-16T16:02:21.021Z;2022;12;16;08:42:20
705 Chem. de la Parade. 30200 Orsan. France;2022-12-19T16:45:48.199Z;2022;12;19;08:55:06
705 Chem. de la Parade. 30200 Orsan. France;2022-12-20T16:46:35.040Z;2022;12;20;09:12:14
705 Chem. de la Parade. 30200 Orsan. France;2022-12-21T16:47:13.904Z;2022;12;21;09:04:18
705 Chem. de la Parade. 30200 Orsan. France;2022-12-23T15:03:19.214Z;2022;12;23;07:22:39
